,GOOGL,TSLA
Date,,
2020-01-13,71.7414321899414,34.990665435791016
2020-01-14,71.2711410522461,35.861331939697266
2020-01-15,71.70008087158203,34.56666564941406
2020-01-16,72.24610137939453,34.232666015625
2020-01-17,73.70879364013672,34.03333282470703
2020-01-21,73.84481811523438,36.47999954223633
2020-01-22,73.92550659179688,37.97066879272461
2020-01-23,73.96636199951172,38.14666748046875
2020-01-24,73.04370880126953,37.654666900634766
2020-01-27,71.32793426513672,37.201332092285156
2020-01-28,72.2630386352539,37.793331146240234
2020-01-29,72.57191467285156,38.732666015625
2020-01-30,72.44986724853516,42.72066879272461
2020-01-31,71.38024139404297,43.371334075927734
2020-02-03,73.86224365234375,52.0
2020-02-04,72.00946044921875,59.137332916259766
2020-02-05,72.04134368896484,48.97999954223633
2020-02-06,73.53194427490234,49.930667877197266
2020-02-07,73.68836975097656,49.871334075927734
2020-02-10,75.1605453491211,51.41866683959961
2020-02-11,75.23027801513672,51.62533187866211
2020-02-12,75.65724182128906,51.15266799926758
2020-02-13,75.39618682861328,53.599998474121094
2020-02-14,75.66221618652344,53.33533477783203
2020-02-18,75.69759368896484,57.22666549682617
2020-02-19,75.96810913085938,61.16133117675781
2020-02-20,75.57553100585938,59.96066665649414
2020-02-21,73.90508270263672,60.06666564941406
2020-02-24,70.736572265625,55.58599853515625
2020-02-25,69.06562805175781,53.32733154296875
2020-02-26,69.27237701416016,51.91999816894531
2020-02-27,65.51001739501953,45.266666412353516
2020-02-28,66.72062683105469,44.53266525268555
2020-03-02,69.06562805175781,49.574668884277344
2020-03-03,66.64441680908203,49.70066833496094
2020-03-04,68.83049011230469,49.96666717529297
2020-03-05,65.50055694580078,48.30266571044922
2020-03-06,64.55299377441406,46.89866638183594
2020-03-09,60.56992721557617,40.53333282470703
2020-03-10,63.528202056884766,43.02199935913086
2020-03-11,60.32630920410156,42.28200149536133
2020-03-12,55.37675476074219,37.369998931884766
2020-03-13,60.494205474853516,36.44133377075195
2020-03-16,53.45621871948242,29.67133331298828
2020-03-17,55.701080322265625,28.68000030517578
2020-03-18,54.362430572509766,24.08133316040039
2020-03-19,55.38273620605469,28.50933265686035
2020-03-20,53.21758270263672,28.50200080871582
2020-03-23,52.5161247253418,28.952667236328125
2020-03-24,56.296424865722656,33.66666793823242
2020-03-25,54.882049560546875,35.95000076293945
2020-03-26,57.935977935791016,35.21066665649414
2020-03-27,55.3124885559082,34.29066848754883
2020-03-30,57.10847473144531,33.47533416748047
2020-03-31,57.88765335083008,34.93333435058594
2020-04-01,54.90596008300781,32.104000091552734
2020-04-02,55.64976501464844,30.29800033569336
2020-04-03,54.43765640258789,32.000667572021484
2020-04-06,58.94581985473633,34.41600036621094
2020-04-07,58.9144287109375,36.36333465576172
2020-04-08,60.132015228271484,36.589332580566406
2020-04-09,60.110591888427734,38.20000076293945
2020-04-13,60.301902770996094,43.39666748046875
2020-04-14,63.03300476074219,47.32600021362305
2020-04-15,62.637935638427734,48.65533447265625
2020-04-16,62.6444091796875,49.680667877197266
2020-04-17,63.71901321411133,50.259334564208984
2020-04-20,62.829734802246094,49.75733184814453
2020-04-21,60.38908386230469,45.781333923339844
2020-04-22,62.693233489990234,48.807334899902344
2020-04-23,63.32892608642578,47.04199981689453
2020-04-24,63.59944534301758,48.34333419799805
2020-04-27,63.313480377197266,53.25
2020-04-28,61.40689468383789,51.27466583251953
2020-04-29,66.86660766601562,53.367332458496094
2020-04-30,67.09178924560547,52.12533187866211
2020-05-01,65.62808990478516,46.75466537475586
2020-05-04,65.90608215332031,50.74599838256836
2020-05-05,67.20735931396484,51.2140007019043
2020-05-06,67.02851867675781,52.172000885009766
2020-05-07,68.21670532226562,52.00266647338867
2020-05-08,68.96698760986328,54.62799835205078
2020-05-11,69.92601013183594,54.08599853515625
2020-05-12,68.51065063476562,53.96066665649414
2020-05-13,67.17298126220703,52.73066711425781
2020-05-14,67.59794616699219,53.55533218383789
2020-05-15,68.405029296875,53.27799987792969
2020-05-18,69.00884246826172,54.242000579833984
2020-05-19,68.47178649902344,53.867332458496094
2020-05-20,70.20350646972656,54.37066650390625
2020-05-21,70.08344268798828,55.17333221435547
2020-05-22,70.40676879882812,54.45866775512695
2020-05-26,70.81179809570312,54.591331481933594
2020-05-27,70.75749969482422,54.68199920654297
2020-05-28,70.65586853027344,53.72066879272461
2020-05-29,71.41710662841797,55.66666793823242
2020-06-01,71.48436737060547,59.87333297729492
2020-06-02,71.85501861572266,58.770668029785156
2020-06-03,71.70257568359375,58.86399841308594
2020-06-04,70.4595718383789,57.62533187866211
2020-06-05,71.74092864990234,59.04399871826172
2020-06-08,72.14048767089844,63.327999114990234
2020-06-09,72.34175109863281,62.711334228515625
2020-06-10,72.97047424316406,68.336669921875
2020-06-11,69.8418197631836,64.85600280761719
2020-06-12,70.39083099365234,62.35200119018555
2020-06-15,70.78041076660156,66.05999755859375
2020-06-16,72.06227111816406,65.47533416748047
2020-06-17,72.36466979980469,66.11933135986328
2020-06-18,71.4469985961914,66.9306640625
2020-06-19,70.9747085571289,66.72666931152344
2020-06-22,72.27101135253906,66.28800201416016
2020-06-23,72.93460083007812,66.78533172607422
2020-06-24,71.37625885009766,64.0566635131836
2020-06-25,71.79473876953125,65.73200225830078
2020-06-26,67.88092803955078,63.982666015625
2020-06-29,69.60617065429688,67.29000091552734
2020-06-30,70.64640045166016,71.98733520507812
2020-07-01,71.8395767211914,74.64199829101562
2020-07-02,73.23103332519531,80.57733154296875
2020-07-06,74.71166229248047,91.43866729736328
2020-07-07,74.22692108154297,92.65733337402344
2020-07-08,74.90845489501953,91.05867004394531
2020-07-09,75.65872955322266,92.9520034790039
2020-07-10,76.67255401611328,102.97666931152344
2020-07-13,75.3384017944336,99.80400085449219
2020-07-14,75.7683334350586,101.12000274658203
2020-07-15,75.57005310058594,103.06732940673828
2020-07-16,75.472412109375,100.04266357421875
2020-07-17,75.56855773925781,100.05599975585938
2020-07-20,77.90957641601562,109.53333282470703
2020-07-21,77.51499938964844,104.55733489990234
2020-07-22,77.95988464355469,106.15533447265625
2020-07-23,75.5635757446289,100.87133026123047
2020-07-24,75.13812255859375,94.46666717529297
2020-07-27,76.19528198242188,102.63999938964844
2020-07-28,74.91094207763672,98.43267059326172
2020-07-29,75.90035247802734,99.94066619873047
2020-07-30,76.64067840576172,99.16600036621094
2020-07-31,74.12877655029297,95.38400268554688
2020-08-03,73.8702163696289,99.0
2020-08-04,73.39892578125,99.13333129882812
2020-08-05,73.68737030029297,99.00133514404297
2020-08-06,74.97570037841797,99.30533599853516
2020-08-07,74.64790344238281,96.84733581542969
2020-08-10,74.57067108154297,94.57133483886719
2020-08-11,73.75961303710938,91.6259994506836
2020-08-12,75.08979034423828,103.65066528320312
2020-08-13,75.55859375,108.06666564941406
2020-08-14,74.95977020263672,110.04733276367188
2020-08-17,75.53816986083984,122.3759994506836
2020-08-18,77.50802612304688,125.80599975585938
2020-08-19,76.95154571533203,125.23533630371094
2020-08-20,78.52782440185547,133.45533752441406
2020-08-21,78.49395751953125,136.6653289794922
2020-08-24,78.97122192382812,134.27999877929688
2020-08-25,80.00248718261719,134.8893280029297
2020-08-26,81.90956115722656,143.54466247558594
2020-08-27,81.13188934326172,149.25
2020-08-28,81.6754150390625,147.55999755859375
2020-08-31,81.18221282958984,166.10667419433594
2020-09-01,82.45508575439453,158.35000610351562
2020-09-02,85.55934143066406,149.1233367919922
2020-09-03,81.18121337890625,135.6666717529297
2020-09-04,78.77493286132812,139.44000244140625
2020-09-08,75.90483856201172,110.06999969482422
2020-09-09,77.08207702636719,122.09333038330078
2020-09-10,76.02689361572266,123.77999877929688
2020-09-11,75.51425170898438,124.23999786376953
2020-09-14,75.16899871826172,139.8733367919922
2020-09-15,76.47875213623047,149.9199981689453
2020-09-16,75.3314208984375,147.25332641601562
2020-09-17,74.08344268798828,141.14332580566406
2020-09-18,72.29242706298828,147.38333129882812
2020-09-21,71.24872589111328,149.79666137695312
2020-09-22,72.72735595703125,141.41000366210938
2020-09-23,70.2149658203125,126.78666687011719
2020-09-24,70.88603210449219,129.26333618164062
2020-09-25,71.69310760498047,135.77999877929688
2020-09-28,72.66956329345703,140.39999389648438
2020-09-29,73.03623962402344,139.69000244140625
2020-09-30,73.01531219482422,143.00332641601562
2020-10-01,74.12628173828125,149.3866729736328
2020-10-02,72.51712036132812,138.3633270263672
2020-10-05,73.87370300292969,141.89332580566406
2020-10-06,72.28895568847656,137.9933319091797
2020-10-07,72.6934814453125,141.76666259765625
2020-10-08,73.90360260009766,141.97332763671875
2020-10-09,75.24971008300781,144.6666717529297
2020-10-12,77.94692993164062,147.43333435058594
2020-10-13,78.07048797607422,148.88333129882812
2020-10-14,77.88964080810547,153.76666259765625
2020-10-15,77.49258422851562,149.6266632080078
2020-10-16,78.10187530517578,146.55667114257812
2020-10-19,76.22119140625,143.61000061035156
2020-10-20,77.27388000488281,140.64666748046875
2020-10-21,79.01306915283203,140.8800048828125
2020-10-22,80.04283905029297,141.92999267578125
2020-10-23,81.35408782958984,140.2100067138672
2020-10-26,78.92838287353516,140.0933380126953
2020-10-27,79.65524291992188,141.55999755859375
2020-10-28,75.26715087890625,135.33999633789062
2020-10-29,77.56282806396484,136.94332885742188
2020-10-30,80.51362609863281,129.34666442871094
2020-11-02,80.92265319824219,133.50332641601562
2020-11-03,81.98579406738281,141.3000030517578
2020-11-04,86.97720336914062,140.32666015625
2020-11-05,87.80669403076172,146.02999877929688
2020-11-06,87.668701171875,143.31666564941406
2020-11-09,87.75288391113281,140.4199981689453
2020-11-10,86.57217407226562,136.7866668701172
2020-11-11,87.04595947265625,139.0433349609375
2020-11-12,86.82624816894531,137.25332641601562
2020-11-13,88.29293060302734,136.1666717529297
2020-11-16,88.38111877441406,136.02999877929688
2020-11-17,87.76484680175781,147.20333862304688
2020-11-18,86.71763610839844,162.2133331298828
2020-11-19,87.61090850830078,166.42333984375
2020-11-20,86.50540924072266,163.20333862304688
2020-11-23,86.06600189208984,173.9499969482422
2020-11-24,87.8764419555664,185.1266632080078
2020-11-25,87.88789367675781,191.3333282470703
2020-11-27,89.02825927734375,195.25332641601562
2020-11-30,87.40316009521484,189.1999969482422
2020-12-01,89.44376373291016,194.9199981689453
2020-12-02,90.91890716552734,189.60667419433594
2020-12-03,90.76298522949219,197.7933349609375
2020-12-04,90.85863494873047,199.67999267578125
2020-12-07,90.52335357666016,213.9199981689453
2020-12-08,90.23937225341797,216.6266632080078
2020-12-09,88.57191467285156,201.4933319091797
2020-12-10,88.06326293945312,209.02333068847656
2020-12-11,88.41947174072266,203.3300018310547
2020-12-14,87.29653930664062,213.27667236328125
2020-12-15,87.73595428466797,211.0833282470703
2020-12-16,87.54215240478516,207.58999633789062
2020-12-17,86.7111587524414,218.63333129882812
2020-12-18,85.99923706054688,231.6666717529297
2020-12-21,86.41474151611328,216.6199951171875
2020-12-22,85.70032501220703,213.44667053222656
2020-12-23,86.09938049316406,215.32666015625
2020-12-24,86.39481353759766,220.58999633789062
2020-12-28,88.37761688232422,221.22999572753906
2020-12-29,87.570556640625,221.99667358398438
2020-12-30,86.49893188476562,231.5933380126953
2020-12-31,87.31547546386719,235.22332763671875
2021-01-04,85.99476623535156,243.2566680908203
2021-01-05,86.68824768066406,245.0366668701172
2021-01-06,85.83283996582031,251.9933319091797
2021-01-07,88.39655303955078,272.0133361816406
2021-01-08,89.56681060791016,293.3399963378906
2021-01-11,87.497314453125,270.39666748046875
2021-01-12,86.5577163696289,283.14666748046875
2021-01-13,87.04695892333984,284.8033447265625
2021-01-14,86.2333984375,281.6666564941406
2021-01-15,86.0689926147461,275.38665771484375
2021-01-19,88.90122985839844,281.51666259765625
2021-01-20,93.6639633178711,283.48333740234375
2021-01-21,93.86721801757812,281.663330078125
2021-01-22,94.28620147705078,282.21331787109375
2021-01-25,94.37188720703125,293.6000061035156
2021-01-26,95.05292510986328,294.36334228515625
2021-01-27,90.61849975585938,288.0533447265625
2021-01-28,92.3253173828125,278.4766540527344
2021-01-29,91.03797912597656,264.510009765625
2021-02-01,94.3116226196289,279.9366760253906
2021-02-02,95.60940551757812,290.92999267578125
2021-02-03,102.57217407226562,284.89666748046875
2021-02-04,102.31061553955078,283.3299865722656
2021-02-05,104.06426239013672,284.07666015625
2021-02-08,103.84953308105469,287.8066711425781
2021-02-09,103.39468383789062,283.1533203125
2021-02-10,103.94718170166016,268.2733459472656
2021-02-11,104.06026458740234,270.5533447265625
2021-02-12,104.37313842773438,272.0400085449219
2021-02-16,105.15381622314453,265.40667724609375
2021-02-17,105.54837036132812,266.04998779296875
2021-02-18,104.9101791381836,262.4599914550781
2021-02-19,104.06326293945312,260.4333190917969
2021-02-22,102.34200286865234,238.1666717529297
2021-02-23,102.63394165039062,232.94667053222656
2021-02-24,103.81416320800781,247.33999633789062
2021-02-25,100.43342590332031,227.4066619873047
2021-02-26,100.73033905029297,225.1666717529297
2021-03-01,103.10922241210938,239.47666931152344
2021-03-02,102.85115814208984,228.81333923339844
2021-03-03,100.20724487304688,217.73333740234375
2021-03-04,101.32917785644531,207.14666748046875
2021-03-05,104.47476959228516,199.31666564941406
2021-03-08,100.01244354248047,187.6666717529297
2021-03-09,101.6495132446289,224.52667236328125
2021-03-10,101.44176483154297,222.68666076660156
2021-03-11,104.64764404296875,233.1999969482422
2021-03-12,102.12977600097656,231.2433319091797
2021-03-15,102.35096740722656,235.97999572753906
2021-03-16,103.81816101074219,225.6266632080078
2021-03-17,103.73494720458984,233.93666076660156
2021-03-18,100.70194244384766,217.72000122070312
2021-03-19,100.98192596435547,218.2899932861328
2021-03-22,101.16775512695312,223.3333282470703
2021-03-23,101.69783782958984,220.72000122070312
2021-03-24,101.25942993164062,210.08999633789062
2021-03-25,101.25594329833984,213.4633331298828
2021-03-26,100.87084197998047,206.23666381835938
2021-03-29,101.92002868652344,203.76333618164062
2021-03-30,101.95391082763672,211.8733367919922
2021-03-31,102.75350952148438,222.64332580566406
2021-04-01,106.1043701171875,220.5833282470703
2021-04-05,110.54725646972656,230.35000610351562
2021-04-06,110.06400299072266,230.5399932861328
2021-04-07,111.54713439941406,223.6566619873047
2021-04-08,112.11507415771484,227.93333435058594
2021-04-09,113.12342071533203,225.67333984375
2021-04-12,111.82562255859375,233.9933319091797
2021-04-13,112.31434631347656,254.10667419433594
2021-04-14,111.69060516357422,244.07666015625
2021-04-15,113.84978485107422,246.28334045410156
2021-04-16,113.72523498535156,246.5933380126953
2021-04-19,114.07447052001953,238.2100067138672
2021-04-20,113.53890991210938,239.663330078125
2021-04-21,113.50603485107422,248.0399932861328
2021-04-22,112.21920013427734,239.89666748046875
2021-04-23,114.58113861083984,243.13333129882812
2021-04-26,115.07933044433594,246.06666564941406
2021-04-27,114.13525390625,234.913330078125
2021-04-28,117.52597045898438,231.46665954589844
2021-04-29,119.20587158203125,225.6666717529297
2021-04-30,117.24996185302734,236.47999572753906
2021-05-03,116.7308349609375,228.3000030517578
2021-05-04,114.92488861083984,224.53334045410156
2021-05-05,115.3204574584961,223.64666748046875
2021-05-06,116.44537353515625,221.17999267578125
2021-05-07,117.17173767089844,224.1233367919922
2021-05-10,114.17361450195312,209.67999267578125
2021-05-11,113.09302520751953,205.73333740234375
2021-05-12,109.6151351928711,196.6300048828125
2021-05-13,111.0494384765625,190.56333923339844
2021-05-14,113.50752258300781,196.5800018310547
2021-05-17,114.03262329101562,192.27667236328125
2021-05-18,112.71488952636719,192.6233367919922
2021-05-19,113.16476440429688,187.82000732421875
2021-05-20,114.93087005615234,195.5933380126953
2021-05-21,114.29218292236328,193.6266632080078
2021-05-24,117.62560272216797,202.14666748046875
2021-05-25,117.7167739868164,201.56333923339844
2021-05-26,118.58561706542969,206.3766632080078
2021-05-27,117.7072982788086,210.28334045410156
2021-05-28,117.41685485839844,208.4066619873047
2021-06-01,118.62896728515625,207.96665954589844
2021-06-02,118.10137939453125,201.7066650390625
2021-06-03,116.95502471923828,190.94667053222656
2021-06-04,119.24622344970703,199.68333435058594
2021-06-07,119.68113708496094,201.7100067138672
2021-06-08,119.48883819580078,201.19667053222656
2021-06-09,119.9621353149414,199.5933380126953
2021-06-10,121.31671905517578,203.3733367919922
2021-06-11,121.07110595703125,203.29666137695312
2021-06-14,122.00322723388672,205.89666748046875
2021-06-15,120.9809341430664,199.7866668701172
2021-06-16,120.33626556396484,201.6233367919922
2021-06-17,121.30376434326172,205.53334045410156
2021-06-18,119.67716217041016,207.77000427246094
2021-06-21,121.37251281738281,206.94332885742188
2021-06-22,121.88864135742188,207.90333557128906
2021-06-23,121.68587493896484,218.85667419433594
2021-06-24,122.05753326416016,226.60667419433594
2021-06-25,122.06600189208984,223.9566650390625
2021-06-28,122.09339904785156,229.57333374023438
2021-06-29,121.83084869384766,226.9199981689453
2021-06-30,121.64851379394531,226.56666564941406
2021-07-01,122.00223541259766,225.97332763671875
2021-07-02,124.8050765991211,226.3000030517578
2021-07-06,125.73420715332031,219.86000061035156
2021-07-07,126.01717376708984,214.88333129882812
2021-07-08,124.59234619140625,217.60333251953125
2021-07-09,125.06512451171875,218.98333740234375
2021-07-12,126.5168685913086,228.56666564941406
2021-07-13,126.88154602050781,222.84666442871094
2021-07-14,127.7738037109375,217.7933349609375
2021-07-15,126.54625701904297,216.86666870117188
2021-07-16,126.51139068603516,214.74000549316406
2021-07-19,124.12802124023438,215.4066619873047
2021-07-20,125.7536392211914,220.1666717529297
2021-07-21,127.08830261230469,218.42999267578125
2021-07-22,127.95763397216797,216.4199981689453
2021-07-23,132.5345458984375,214.4600067138672
2021-07-26,133.55087280273438,219.2066650390625
2021-07-27,131.42356872558594,214.92666625976562
2021-07-28,135.60243225097656,215.66000366210938
2021-07-29,135.28707885742188,225.78334045410156
2021-07-30,134.2398681640625,229.06666564941406
2021-08-02,134.367431640625,236.55667114257812
2021-08-03,135.14010620117188,236.5800018310547
2021-08-04,134.63742065429688,236.97332763671875
2021-08-05,135.7593536376953,238.2100067138672
2021-08-06,135.24819946289062,233.03334045410156
2021-08-09,136.41845703125,237.9199981689453
2021-08-10,136.31285095214844,236.663330078125
2021-08-11,135.78677368164062,235.94000244140625
2021-08-12,136.69845581054688,240.75
2021-08-13,137.23001098632812,239.05667114257812
2021-08-16,137.8099365234375,228.72332763671875
2021-08-17,136.16787719726562,221.90333557128906
2021-08-18,134.9597625732422,229.663330078125
2021-08-19,135.18992614746094,224.49000549316406
2021-08-20,136.93312072753906,226.75332641601562
2021-08-23,139.5356903076172,235.43333435058594
2021-08-24,140.7512664794922,236.163330078125
2021-08-25,141.56581115722656,237.06666564941406
2021-08-26,140.92962646484375,233.72000122070312
2021-08-27,143.48385620117188,237.30667114257812
2021-08-30,144.0682373046875,243.6366729736328
2021-08-31,144.1748504638672,245.24000549316406
2021-09-01,144.69097900390625,244.69667053222656
2021-09-02,142.7694549560547,244.1300048828125
2021-09-03,143.22032165527344,244.52333068847656
2021-09-07,143.75936889648438,250.97332763671875
2021-09-08,143.17198181152344,251.2899932861328
2021-09-09,143.0225372314453,251.6199951171875
2021-09-10,140.36715698242188,245.42333984375
2021-09-13,141.8184051513672,247.6666717529297
2021-09-14,142.02963256835938,248.163330078125
2021-09-15,143.90782165527344,251.94332885742188
2021-09-16,143.09127807617188,252.3300018310547
2021-09-17,140.29144287109375,253.163330078125
2021-09-20,138.21844482421875,243.38999938964844
2021-09-21,138.5308074951172,246.4600067138672
2021-09-22,139.77679443359375,250.64666748046875
2021-09-23,140.7059326171875,251.2133331298828
2021-09-24,141.70132446289062,258.1300048828125
2021-09-27,140.5624542236328,263.78668212890625
2021-09-28,135.33938598632812,259.1866760253906
2021-09-29,133.8682098388672,260.4366760253906
2021-09-30,133.1931610107422,258.49334716796875
2021-10-01,136.0498046875,258.40667724609375
2021-10-04,133.1767120361328,260.510009765625
2021-10-05,135.53167724609375,260.1966552734375
2021-10-06,137.06809997558594,260.9166564941406
2021-10-07,138.7221221923828,264.53668212890625
2021-10-08,139.28060913085938,261.8299865722656
2021-10-11,138.4122314453125,263.9800109863281
2021-10-12,135.95614624023438,268.5733337402344
2021-10-13,137.08505249023438,270.3599853515625
2021-10-14,140.6411590576172,272.7733459472656
2021-10-15,140.8573760986328,281.010009765625
2021-10-18,142.2622833251953,290.03668212890625
2021-10-19,142.71961975097656,288.0899963378906
2021-10-20,141.25692749023438,288.6000061035156
2021-10-21,141.37351989746094,298.0
2021-10-22,137.06959533691406,303.2266540527344
2021-10-25,136.95054626464844,341.6199951171875
2021-10-26,138.80532836914062,339.4766540527344
2021-10-27,145.68936157226562,345.9533386230469
2021-10-28,145.32220458984375,359.0133361816406
2021-10-29,147.51126098632812,371.3333435058594
2021-11-01,142.9786834716797,402.86334228515625
2021-11-02,144.90719604492188,390.6666564941406
2021-11-03,146.06849670410156,404.6199951171875
2021-11-04,147.73194885253906,409.9700012207031
2021-11-05,148.31436157226562,407.36334228515625
2021-11-08,148.49270629882812,387.64666748046875
2021-11-09,148.38063049316406,341.1666564941406
2021-11-10,145.3665313720703,355.98333740234375
2021-11-11,145.239990234375,354.5033264160156
2021-11-12,148.14097595214844,344.47332763671875
2021-11-15,147.91578674316406,337.7966613769531
2021-11-16,147.34188842773438,351.57666015625
2021-11-17,147.5122528076172,363.0033264160156
2021-11-18,149.29730224609375,365.4599914550781
2021-11-19,148.38858032226562,379.0199890136719
2021-11-22,145.77357482910156,385.6233215332031
2021-11-23,145.2554473876953,369.6766662597656
2021-11-24,145.5922088623047,372.0
2021-11-26,141.66943359375,360.6400146484375
2021-11-29,145.0048370361328,378.9966735839844
2021-11-30,141.38497924804688,381.586669921875
2021-12-01,140.54202270507812,365.0
2021-12-02,142.44961547851562,361.5333251953125
2021-12-03,141.4886016845703,338.3233337402344
2021-12-06,142.63792419433594,336.336669921875
2021-12-07,146.73756408691406,350.5833435058594
2021-12-08,147.6512451171875,356.32000732421875
2021-12-09,147.10523986816406,334.6000061035156
2021-12-10,147.46690368652344,339.010009765625
2021-12-13,145.29978942871094,322.13665771484375
2021-12-14,143.38720703125,319.5033264160156
2021-12-15,145.91204833984375,325.3299865722656
2021-12-16,143.92327880859375,308.97332763671875
2021-12-17,141.21310424804688,310.8566589355469
2021-12-20,141.0955047607422,299.9800109863281
2021-12-21,142.95428466796875,312.84332275390625
2021-12-22,145.88613891601562,336.2900085449219
2021-12-23,146.38584899902344,355.6666564941406
2021-12-27,147.37225341796875,364.64666748046875
2021-12-28,146.15716552734375,362.8233337402344
2021-12-29,146.12527465820312,362.0633239746094
2021-12-30,145.67242431640625,356.7799987792969
2021-12-31,144.32879638671875,352.260009765625
2022-01-03,144.46778869628906,399.9266662597656
2022-01-04,143.87794494628906,383.1966552734375
2022-01-05,137.27735900878906,362.7066650390625
2022-01-06,137.24996948242188,354.8999938964844
2022-01-07,136.5220947265625,342.32000732421875
2022-01-10,138.16864013671875,352.7066650390625
2022-01-11,139.2312774658203,354.79998779296875
2022-01-12,140.91964721679688,368.739990234375
2022-01-13,138.08644104003906,343.85333251953125
2022-01-14,138.97669982910156,349.8699951171875
2022-01-18,135.50677490234375,343.5033264160156
2022-01-19,134.6284637451172,331.8833312988281
2022-01-20,132.82598876953125,332.0899963378906
2022-01-21,129.88067626953125,314.6333312988281
2022-01-24,130.33154296875,310.0
2022-01-25,126.47650909423828,306.1333312988281
2022-01-26,128.76620483398438,312.4700012207031
2022-01-27,128.53904724121094,276.3666687011719
2022-01-28,132.8693389892578,282.1166687011719
2022-01-31,134.81478881835938,312.239990234375
2022-02-01,137.14682006835938,310.4166564941406
2022-02-02,147.46542358398438,301.88665771484375
2022-02-03,142.57315063476562,297.0466613769531
2022-02-04,142.7754364013672,307.7733459472656
2022-02-07,138.69822692871094,302.4466552734375
2022-02-08,138.89549255371094,307.3333435058594
2022-02-09,141.08056640625,310.6666564941406
2022-02-10,138.11929321289062,301.51666259765625
2022-02-11,133.79747009277344,286.6666564941406
2022-02-14,135.03646850585938,291.9200134277344
2022-02-15,136.1150665283203,307.4766540527344
2022-02-16,137.240478515625,307.7966613769531
2022-02-17,132.0602569580078,292.1166687011719
2022-02-18,129.93199157714844,285.6600036621094
2022-02-22,129.34461975097656,273.84332275390625
2022-02-23,127.12715148925781,254.67999267578125
2022-02-24,132.2117156982422,266.92333984375
2022-02-25,133.9738311767578,269.9566650390625
2022-02-28,134.56918334960938,290.1433410644531
2022-03-01,133.57725524902344,288.1233215332031
2022-03-02,134.08543395996094,293.2966613769531
2022-03-03,133.4158477783203,279.7633361816406
2022-03-04,131.43003845214844,279.42999267578125
2022-03-07,125.92202758789062,268.1933288574219
2022-03-08,126.64540100097656,274.79998779296875
2022-03-09,132.93807983398438,286.3233337402344
2022-03-10,131.951171875,279.4333190917969
2022-03-11,129.4014129638672,265.1166687011719
2022-03-14,125.49606323242188,255.4566650390625
2022-03-15,128.7313232421875,267.2966613769531
2022-03-16,132.79908752441406,280.07666015625
2022-03-17,133.3555908203125,290.5333251953125
2022-03-18,135.63380432128906,301.7966613769531
2022-03-21,135.60989379882812,307.0533447265625
2022-03-22,139.36280822753906,331.32666015625
2022-03-23,137.7760467529297,333.03668212890625
2022-03-24,141.06065368652344,337.97332763671875
2022-03-25,141.16128540039062,336.8800048828125
2022-03-28,140.944580078125,363.9466552734375
2022-03-29,141.9907684326172,366.5233459472656
2022-03-30,141.4258270263672,364.663330078125
2022-03-31,138.56520080566406,359.20001220703125
2022-04-01,139.64427185058594,361.5299987792969
2022-04-04,142.455078125,381.8166809082031
2022-04-05,140.08319091796875,363.7533264160156
2022-04-06,136.0548095703125,348.586669921875
2022-04-07,135.39767456054688,352.4200134277344
2022-04-08,132.8060760498047,341.8299865722656
2022-04-11,128.3582000732422,325.30999755859375
2022-04-12,127.2531967163086,328.98333740234375
2022-04-13,129.42481994628906,340.7900085449219
2022-04-14,126.27226257324219,328.3333435058594
2022-04-18,127.21533966064453,334.7633361816406
2022-04-19,129.53941345214844,342.7166748046875
2022-04-20,127.5775146484375,325.73333740234375
2022-04-21,124.3636703491211,336.260009765625
2022-04-22,119.20337677001953,335.01666259765625
2022-04-25,122.62945556640625,332.67333984375
2022-04-26,118.22144317626953,292.1400146484375
2022-04-27,113.88166809082031,293.836669921875
2022-04-28,118.09439849853516,292.5033264160156
2022-04-29,113.69732666015625,290.2533264160156
2022-05-02,116.16190338134766,300.9800109863281
2022-05-03,116.91018676757812,303.0833435058594
2022-05-04,121.81939697265625,317.5400085449219
2022-05-05,116.08468627929688,291.09332275390625
2022-05-06,115.32842254638672,288.54998779296875
2022-05-09,112.1046142578125,262.3699951171875
2022-05-10,113.98180389404297,266.67999267578125
2022-05-11,113.1921615600586,244.6666717529297
2022-05-12,112.43640899658203,242.6666717529297
2022-05-13,115.63133239746094,256.5299987792969
2022-05-16,114.03162384033203,241.4566650390625
2022-05-17,116.05229949951172,253.8699951171875
2022-05-18,111.49532318115234,236.60333251953125
2022-05-19,109.98529815673828,236.47332763671875
2022-05-20,108.5146255493164,221.3000030517578
2022-05-23,111.0853042602539,224.96665954589844
2022-05-24,105.58724212646484,209.3866729736328
2022-05-25,105.4228286743164,219.60000610351562
2022-05-26,107.40315246582031,235.91000366210938
2022-05-27,111.91080474853516,253.2100067138672
2022-05-31,113.3510971069336,252.75332641601562
2022-06-01,113.48062133789062,246.7899932861328
2022-06-02,117.19764709472656,258.3333435058594
2022-06-03,114.12728118896484,234.51666259765625
2022-06-06,116.39854431152344,238.27999877929688
2022-06-07,116.72635650634766,238.8866729736328
2022-06-08,116.77069091796875,241.86666870117188
2022-06-09,114.42071533203125,239.7066650390625
2022-06-10,110.7599868774414,232.22999572753906
2022-06-13,106.00820922851562,215.73666381835938
2022-06-14,106.33004760742188,220.88999938964844
2022-06-15,109.36803436279297,233.0
2022-06-16,105.6505126953125,213.10000610351562
2022-06-17,106.75650024414062,216.75999450683594
2022-06-21,111.14110565185547,237.0366668701172
2022-06-22,111.08480834960938,236.086669921875
2022-06-23,111.8365707397461,235.07000732421875
2022-06-24,117.54887390136719,245.7066650390625
2022-06-27,115.41511535644531,244.9199981689453
2022-06-28,111.60293579101562,232.663330078125
2022-06-29,111.29803466796875,228.49000549316406
2022-06-30,108.56941986083984,224.47332763671875
2022-07-01,108.34474182128906,227.26333618164062
2022-07-05,112.85388946533203,233.06666564941406
2022-07-06,114.15816497802734,231.73333740234375
2022-07-07,118.35395812988281,244.5433349609375
2022-07-08,118.92239379882812,250.76333618164062
2022-07-11,115.25868225097656,234.3433380126953
2022-07-12,113.6086654663086,233.07000732421875
2022-07-13,110.95130157470703,237.0399932861328
2022-07-14,109.96885681152344,238.31333923339844
2022-07-15,111.3737564086914,240.06666564941406
2022-07-18,108.63618469238281,240.54666137695312
2022-07-19,113.39891052246094,245.52999877929688
2022-07-20,113.48860168457031,247.5
2022-07-21,113.927001953125,271.7066650390625
2022-07-22,107.51026916503906,272.24334716796875
2022-07-25,107.12167358398438,268.4333190917969
2022-07-26,104.64066314697266,258.8599853515625
2022-07-27,112.65162658691406,274.82000732421875
2022-07-28,113.80744171142578,280.8999938964844
2022-07-29,115.89985656738281,297.1499938964844
2022-08-01,114.44512939453125,297.27667236328125
2022-08-02,114.71414947509766,300.586669921875
2022-08-03,117.65349578857422,307.39666748046875
2022-08-04,117.76309967041016,308.6333312988281
2022-08-05,117.04570007324219,288.1700134277344
2022-08-08,116.8763198852539,290.42333984375
2022-08-09,116.20873260498047,283.3333435058594
2022-08-10,119.26763916015625,294.3566589355469
2022-08-11,118.4107437133789,286.6300048828125
2022-08-12,121.24049377441406,300.0299987792969
2022-08-15,121.63905334472656,309.32000732421875
2022-08-16,121.26041412353516,306.5633239746094
2022-08-17,119.1181869506836,303.9966735839844
2022-08-18,119.73594665527344,302.8699951171875
2022-08-19,116.78663635253906,296.6666564941406
2022-08-22,113.8273696899414,289.913330078125
2022-08-23,113.44874572753906,296.4533386230469
2022-08-24,113.27935028076172,297.0966796875
2022-08-25,116.22866821289062,296.07000732421875
2022-08-26,109.94144439697266,288.0899963378906
2022-08-29,109.02477264404297,284.82000732421875
2022-08-30,108.5465087890625,277.70001220703125
2022-08-31,107.82910919189453,275.6099853515625
2022-09-01,109.34361267089844,277.1600036621094
2022-09-02,107.46044158935547,270.2099914550781
2022-09-06,106.42420196533203,274.4200134277344
2022-09-07,109.0546646118164,283.70001220703125
2022-09-08,107.988525390625,289.260009765625
2022-09-09,110.25033569335938,299.67999267578125
2022-09-12,110.45957946777344,304.4200134277344
2022-09-13,103.94319915771484,292.1300048828125
2022-09-14,104.62074279785156,302.6099853515625
2022-09-15,102.53829193115234,303.75
2022-09-16,102.42869567871094,303.3500061035156
2022-09-19,102.69771575927734,309.07000732421875
2022-09-20,100.7746810913086,308.7300109863281
2022-09-21,98.92139434814453,300.79998779296875
2022-09-22,99.77828979492188,288.5899963378906
2022-09-23,98.38334655761719,275.3299865722656
2022-09-26,97.81541442871094,276.010009765625
2022-09-27,97.1478271484375,282.94000244140625
2022-09-28,99.68862915039062,287.80999755859375
2022-09-29,97.068115234375,268.2099914550781
2022-09-30,95.30451202392578,265.25
2022-10-03,98.28370666503906,242.39999389648438
2022-10-04,101.27287292480469,249.44000244140625
2022-10-05,101.06363677978516,240.80999755859375
2022-10-06,101.05366516113281,238.1300048828125
2022-10-07,98.32356262207031,223.07000732421875
2022-10-10,97.50653076171875,222.9600067138672
2022-10-11,96.82898712158203,216.5
2022-10-12,97.20761108398438,217.24000549316406
2022-10-13,98.70218658447266,221.72000122070312
2022-10-14,96.21121978759766,204.99000549316406
2022-10-17,99.60891723632812,219.35000610351562
2022-10-18,100.40602111816406,220.19000244140625
2022-10-19,99.2701416015625,222.0399932861328
2022-10-20,99.60891723632812,207.27999877929688
2022-10-21,100.76471710205078,214.44000244140625
2022-10-24,102.14969635009766,211.25
2022-10-25,104.10262298583984,222.4199981689453
2022-10-26,94.58711242675781,224.63999938964844
2022-10-27,91.88690185546875,225.08999633789062
2022-10-28,95.94219970703125,228.52000427246094
2022-10-31,94.16863250732422,227.5399932861328
2022-11-01,90.14322662353516,227.82000732421875
2022-11-02,86.6558609008789,214.97999572753906
2022-11-03,83.12865447998047,215.30999755859375
2022-11-04,86.26728057861328,207.47000122070312
2022-11-07,88.17037200927734,197.0800018310547
2022-11-08,88.57889556884766,191.3000030517578
2022-11-09,87.00460052490234,177.58999633789062
2022-11-10,93.60070037841797,190.72000122070312
2022-11-11,96.061767578125,195.97000122070312
2022-11-14,95.35433197021484,190.9499969482422
2022-11-15,98.08443450927734,194.4199981689453
2022-11-16,98.49295806884766,186.9199981689453
2022-11-17,98.00472259521484,183.1699981689453
2022-11-18,97.07808685302734,180.19000244140625
2022-11-21,95.25469970703125,167.8699951171875
2022-11-22,96.69945526123047,169.91000366210938
2022-11-23,98.10436248779297,183.1999969482422
2022-11-25,97.10797119140625,182.86000061035156
2022-11-28,95.70307159423828,182.9199981689453
2022-11-29,94.84617614746094,180.8300018310547
2022-11-30,100.62522888183594,194.6999969482422
2022-12-01,100.62522888183594,194.6999969482422
2022-12-02,100.07720947265625,194.86000061035156
2022-12-05,99.12068176269531,182.4499969482422
2022-12-06,96.62970733642578,179.82000732421875
2022-12-07,94.59708404541016,174.0399932861328
2022-12-08,93.37152099609375,173.44000244140625
2022-12-09,92.49469757080078,179.0500030517578
2022-12-12,92.97296142578125,167.82000732421875
2022-12-13,95.28458404541016,160.9499969482422
2022-12-14,94.72660827636719,156.8000030517578
2022-12-15,90.53181457519531,157.6699981689453
2022-12-16,89.9339828491211,150.22999572753906
2022-12-19,88.12055969238281,149.8699951171875
2022-12-20,88.69845581054688,137.8000030517578
2022-12-21,89.25643920898438,137.57000732421875
2022-12-22,87.4430160522461,125.3499984741211
2022-12-23,88.90770721435547,123.1500015258789
2022-12-27,87.0743408203125,109.0999984741211
2022-12-28,85.70929718017578,112.70999908447266
2022-12-29,88.1305160522461,121.81999969482422
2022-12-30,87.91130828857422,123.18000030517578
2023-01-03,88.79810333251953,108.0999984741211
2023-01-04,87.76185607910156,113.63999938964844
2023-01-05,85.8886489868164,110.33999633789062
2023-01-06,87.02452850341797,113.05999755859375
2023-01-09,87.70207214355469,119.7699966430664
2023-01-10,88.10062408447266,118.8499984741211
2023-01-11,91.1894302368164,123.22000122070312
2023-01-12,90.80083465576172,123.55999755859375
2023-01-13,91.78726959228516,122.4000015258789
2023-01-17,90.96026611328125,131.49000549316406
2023-01-18,90.79087829589844,128.77999877929688
2023-01-19,92.71390533447266,127.16999816894531
2023-01-20,97.66594696044922,133.4199981689453
2023-01-23,99.4295654296875,143.75
2023-01-24,97.34709930419922,143.88999938964844
2023-01-25,94.8760757446289,144.42999267578125
2023-01-26,97.16775512695312,160.27000427246094
2023-01-27,99.0110855102539,177.89999389648438
2023-01-30,96.58985137939453,166.66000366210938
2023-01-31,98.48298645019531,173.22000122070312
2023-02-01,100.06725311279297,181.41000366210938
2023-02-02,107.35083770751953,188.27000427246094
2023-02-03,104.40153503417969,189.97999572753906
2023-02-06,102.52832794189453,194.75999450683594
2023-02-07,107.25120544433594,196.80999755859375
2023-02-08,99.0110855102539,201.2899932861328
2023-02-09,94.66682434082031,207.32000732421875
2023-02-10,94.22840881347656,196.88999938964844
2023-02-13,94.26826477050781,194.63999938964844
2023-02-14,94.33802032470703,209.25
2023-02-15,96.58985137939453,214.24000549316406
2023-02-16,95.1650161743164,202.0399932861328
2023-02-17,94.00920867919922,208.30999755859375
2023-02-21,91.45845794677734,197.3699951171875
2023-02-22,91.31896209716797,200.86000061035156
2023-02-23,90.56170654296875,202.07000732421875
2023-02-24,88.80805969238281,196.8800048828125
2023-02-27,89.54539489746094,207.6300048828125
2023-02-28,89.73470306396484,205.7100067138672
2023-03-01,90.03362274169922,202.77000427246094
2023-03-02,91.66769409179688,190.89999389648438
2023-03-03,93.31173706054688,197.7899932861328
2023-03-06,94.78638458251953,193.80999755859375
2023-03-07,93.52098846435547,187.7100067138672
2023-03-08,93.9095687866211,182.0
2023-03-09,91.98654174804688,172.9199981689453
2023-03-10,90.30264282226562,173.44000244140625
2023-03-13,90.78091430664062,174.47999572753906
2023-03-14,93.63058471679688,183.25999450683594
2023-03-15,95.76284790039062,180.4499969482422
2023-03-16,99.9576416015625,184.1300048828125
2023-03-17,101.25294494628906,180.1300048828125
2023-03-20,100.8543930053711,183.25
2023-03-21,104.54103088378906,197.5800018310547
2023-03-22,102.99663543701172,191.14999389648438
2023-03-23,105.21857452392578,192.22000122070312
2023-03-24,105.05915832519531,190.41000366210938
2023-03-27,102.08992004394531,191.80999755859375
2023-03-28,100.66508483886719,189.19000244140625
2023-03-29,101.0237808227539,193.8800048828125
2023-03-30,100.52558898925781,195.27999877929688
2023-03-31,103.35533142089844,207.4600067138672
2023-04-03,103.9830551147461,194.77000427246094
2023-04-04,104.34175109863281,192.5800018310547
2023-04-05,104.09265899658203,185.52000427246094
2023-04-06,108.02838897705078,185.05999755859375
2023-04-10,106.0555419921875,184.50999450683594
2023-04-11,104.96947479248047,186.7899932861328
2023-04-12,104.26203918457031,180.5399932861328
2023-04-13,107.04196166992188,185.89999389648438
2023-04-14,108.47676086425781,185.0
2023-04-17,105.58724212646484,187.0399932861328
2023-04-18,104.12255096435547,184.30999755859375
2023-04-19,103.80370330810547,180.58999633789062
2023-04-20,104.90969848632812,162.99000549316406
2023-04-21,105.02926635742188,165.0800018310547
2023-04-24,105.58724212646484,162.5500030517578
2023-04-25,103.47489166259766,160.6699981689453
2023-04-26,103.33540344238281,153.75
2023-04-27,107.20138549804688,160.19000244140625
2023-04-28,106.95228576660156,164.30999755859375
2023-05-01,106.81278991699219,161.8300018310547
2023-05-02,104.93958282470703,160.30999755859375
2023-05-03,105.02926635742188,160.61000061035156
2023-05-04,104.3118667602539,161.1999969482422
2023-05-05,105.18868255615234,170.05999755859375
2023-05-08,107.38072967529297,171.7899932861328
2023-05-09,106.96224975585938,169.14999389648438
2023-05-10,111.34635925292969,168.5399932861328
2023-05-11,116.14895629882812,172.0800018310547
2023-05-12,117.08555603027344,167.97999572753906
2023-05-15,116.08917236328125,166.35000610351562
2023-05-16,119.07833099365234,166.52000427246094
2023-05-17,120.40352630615234,173.86000061035156
2023-05-18,122.38633728027344,176.88999938964844
2023-05-19,122.31659698486328,180.13999938964844
2023-05-22,124.59832763671875,188.8699951171875
2023-05-23,122.1173095703125,185.77000427246094
2023-05-24,120.46331024169922,182.89999389648438
2023-05-25,123.03399658203125,184.47000122070312
2023-05-26,124.15991973876953,193.1699981689453
2023-05-30,123.22330474853516,201.16000366210938
2023-05-31,122.42619323730469,203.92999267578125
2023-06-01,123.27312469482422,207.52000427246094
2023-06-02,124.21969604492188,213.97000122070312
2023-06-05,125.55486297607422,217.61000061035156
2023-06-06,126.85015869140625,221.30999755859375
2023-06-07,122.05753326416016,224.57000732421875
2023-06-08,121.6988296508789,234.86000061035156
2023-06-09,121.78851318359375,244.39999389648438
2023-06-12,123.19341278076172,249.8300018310547
2023-06-13,123.38273620605469,258.7099914550781
2023-06-14,123.22330474853516,256.7900085449219
2023-06-15,124.63817596435547,255.89999389648438
2023-06-16,123.08380889892578,260.5400085449219
2023-06-20,122.65536499023438,274.45001220703125
2023-06-21,120.11457824707031,259.4599914550781
2023-06-22,122.70518493652344,264.6099853515625
2023-06-23,121.89810180664062,256.6000061035156
2023-06-26,117.91254425048828,241.0500030517578
2023-06-27,117.90259552001953,250.2100067138672
2023-06-28,119.74591064453125,256.239990234375
2023-06-29,118.66980743408203,257.5
2023-06-30,119.26763916015625,261.7699890136719
2023-07-03,119.46692657470703,279.82000732421875
2023-07-05,121.31024169921875,282.4800109863281
2023-07-06,119.67616271972656,276.5400085449219
2023-07-07,119.04844665527344,274.42999267578125
2023-07-10,116.02938079833984,269.6099853515625
2023-07-11,116.7168960571289,269.7900085449219
2023-07-12,118.50042724609375,271.989990234375
2023-07-13,124.09016418457031,277.8999938964844
2023-07-14,124.96697998046875,281.3800048828125
2023-07-17,124.19977569580078,290.3800048828125
2023-07-18,123.31298065185547,293.3399963378906
2023-07-19,121.58922576904297,291.260009765625
2023-07-20,118.76943969726562,262.8999938964844
2023-07-21,119.58648681640625,260.0199890136719
2023-07-24,121.09103393554688,269.05999755859375
2023-07-25,121.7685775756836,265.2799987792969
2023-07-26,128.80308532714844,264.3500061035156
2023-07-27,128.93260192871094,255.7100067138672
2023-07-28,132.1011199951172,266.44000244140625
2023-07-31,132.24063110351562,267.42999267578125
2023-08-01,131.07484436035156,261.07000732421875
2023-08-02,127.91629028320312,254.11000061035156
2023-08-03,127.98603057861328,259.32000732421875
2023-08-04,127.64726257324219,253.86000061035156
2023-08-07,131.05491638183594,251.4499969482422
2023-08-08,130.9253692626953,249.6999969482422
2023-08-09,129.19166564941406,242.19000244140625
2023-08-10,129.22157287597656,245.33999633789062
2023-08-11,129.09202575683594,242.64999389648438
2023-08-14,130.8556365966797,239.75999450683594
2023-08-15,129.3112335205078,232.9600067138672
2023-08-16,128.23513793945312,225.60000610351562
2023-08-17,129.4507293701172,219.22000122070312
2023-08-18,126.9996109008789,215.49000549316406
2023-08-21,127.90631866455078,231.27999877929688
2023-08-22,128.61376953125,233.19000244140625
2023-08-23,131.89187622070312,236.86000061035156
2023-08-24,129.3112335205078,230.0399932861328
2023-08-25,129.41087341308594,238.58999633789062
2023-08-28,130.5367889404297,238.82000732421875
2023-08-29,134.0839385986328,257.17999267578125
2023-08-30,135.38922119140625,256.8999938964844
2023-08-31,135.6781463623047,258.0799865722656
2023-09-01,135.1699981689453,245.00999450683594
2023-09-05,135.27960205078125,256.489990234375
2023-09-06,133.97433471679688,251.9199981689453
2023-09-07,134.77142333984375,251.49000549316406
2023-09-08,135.88739013671875,248.5
2023-09-11,136.42544555664062,273.5799865722656
2023-09-12,134.85113525390625,267.4800109863281
2023-09-13,136.21621704101562,271.29998779296875
2023-09-14,137.60118103027344,276.0400085449219
2023-09-15,136.90371704101562,274.3900146484375
2023-09-18,137.71080017089844,265.2799987792969
2023-09-19,137.54139709472656,266.5
2023-09-20,133.25692749023438,262.5899963378906
2023-09-21,129.96885681152344,255.6999969482422
2023-09-22,129.779541015625,244.8800048828125
2023-09-25,130.6364288330078,246.99000549316406
2023-09-26,128.10562133789062,244.1199951171875
2023-09-27,130.0684814453125,240.5
2023-09-28,131.83209228515625,246.3800048828125
2023-09-29,130.3873291015625,250.22000122070312
2023-10-02,133.6853790283203,251.60000610351562
2023-10-03,131.95166015625,246.52999877929688
2023-10-04,134.75152587890625,261.1600036621094
2023-10-05,134.58213806152344,260.04998779296875
2023-10-06,137.0830535888672,260.5299987792969
2023-10-09,137.92001342773438,259.6700134277344
2023-10-10,137.5613250732422,263.6199951171875
2023-10-11,140.04234313964844,262.989990234375
2023-10-12,138.46804809570312,258.8699951171875
2023-10-13,136.86386108398438,251.1199951171875
2023-10-16,138.59756469726562,253.9199981689453
2023-10-17,139.21534729003906,254.85000610351562
2023-10-18,137.46170043945312,242.67999267578125
2023-10-19,137.25245666503906,220.11000061035156
2023-10-20,135.1102294921875,211.99000549316406
2023-10-23,136.0069580078125,212.0800018310547
2023-10-24,138.30860900878906,216.52000427246094
2023-10-25,125.15630340576172,212.4199981689453
2023-10-26,121.83832550048828,205.75999450683594
2023-10-27,121.72872161865234,207.3000030517578
2023-10-30,124.01045227050781,197.36000061035156
2023-10-31,123.63182830810547,200.83999633789062
2023-11-01,125.9932632446289,205.66000366210938
2023-11-02,127.02951049804688,218.50999450683594
2023-11-03,128.63369750976562,219.9600067138672
2023-11-06,129.779541015625,219.27000427246094
2023-11-07,130.4969482421875,222.17999267578125
2023-11-08,131.36378479003906,222.11000061035156
2023-11-09,129.7695770263672,209.97999572753906
2023-11-10,132.111083984375,214.64999389648438
2023-11-13,131.61288452148438,223.7100067138672
2023-11-14,133.13735961914062,237.41000366210938
2023-11-15,134.1337432861328,242.83999633789062
2023-11-16,136.43540954589844,233.58999633789062
2023-11-17,134.82125854492188,234.3000030517578
2023-11-20,135.75787353515625,235.60000610351562
2023-11-21,136.4752655029297,241.1999969482422
2023-11-22,137.98977661132812,234.2100067138672
2023-11-24,136.19627380371094,235.4499969482422
2023-11-27,135.91729736328125,236.0800018310547
2023-11-28,136.70443725585938,246.72000122070312
2023-11-29,134.50242614746094,244.13999938964844
2023-11-30,132.05130004882812,240.0800018310547
2023-12-01,131.3837127685547,238.8300018310547
2023-12-04,128.80308532714844,235.5800018310547
2023-12-05,130.51687622070312,238.72000122070312
2023-12-06,129.5503692626953,239.3699951171875
2023-12-07,136.43540954589844,242.63999938964844
2023-12-08,134.50242614746094,243.83999633789062
2023-12-11,132.8085479736328,239.74000549316406
2023-12-12,132.0413360595703,237.00999450683594
2023-12-13,132.09117126464844,239.2899932861328
2023-12-14,131.4634246826172,251.0500030517578
2023-12-15,132.1210479736328,253.5
2023-12-18,135.30950927734375,252.0800018310547
2023-12-19,136.1564178466797,257.2200012207031
2023-12-20,137.84030151367188,247.13999938964844
2023-12-21,139.9127960205078,254.5
2023-12-22,140.97894287109375,252.5399932861328
2023-12-26,141.0088348388672,256.6099853515625
2023-12-27,139.86297607421875,261.44000244140625
2023-12-28,139.72348022460938,253.17999267578125
2023-12-29,139.18544006347656,248.47999572753906
2024-01-02,137.67092895507812,248.4199981689453
2024-01-03,138.41822814941406,238.4499969482422
2024-01-04,135.89735412597656,237.92999267578125
2024-01-05,135.23974609375,237.49000549316406
2024-01-08,138.33851623535156,240.4499969482422
2024-01-09,140.44088745117188,234.9600067138672
2024-01-10,141.76608276367188,233.94000244140625
2024-01-11,141.5668182373047,227.22000122070312
2024-01-12,142.13473510742188,218.88999938964844
2024-01-16,141.97532653808594,219.91000366210938
2024-01-17,140.95901489257812,215.5500030517578
2024-01-18,142.9617462158203,211.8800048828125
2024-01-19,145.85128784179688,212.19000244140625
2024-01-22,145.4626922607422,208.8000030517578
2024-01-23,146.50889587402344,209.13999938964844
2024-01-24,148.16290283203125,207.8300018310547
2024-01-25,151.32144165039062,182.6300048828125
2024-01-26,151.64028930664062,183.25
2024-01-29,152.95550537109375,190.92999267578125
2024-01-30,150.91293334960938,191.58999633789062
2024-01-31,139.59396362304688,187.2899932861328
2024-02-01,140.650146484375,188.86000061035156
2024-02-02,141.86573791503906,187.91000366210938
2024-02-05,143.16102600097656,181.05999755859375
2024-02-06,143.57952880859375,185.10000610351562
2024-02-07,145.01431274414062,187.5800018310547
2024-02-08,145.3829803466797,189.55999755859375
2024-02-09,148.46182250976562,193.57000732421875
2024-02-12,146.99713134765625,188.1300048828125
2024-02-13,144.61575317382812,184.02000427246094
2024-02-14,145.41287231445312,188.7100067138672
2024-02-15,142.2543182373047,200.4499969482422
2024-02-16,140.012451171875,199.9499969482422
2024-02-20,140.6102752685547,193.75999450683594
2024-02-21,142.0351104736328,194.77000427246094
2024-02-22,143.5695343017578,197.41000366210938
2024-02-23,143.44003295898438,191.97000122070312
2024-02-26,137.07310485839844,199.39999389648438
2024-02-27,138.3783721923828,199.72999572753906
2024-02-28,135.88739013671875,202.0399932861328
2024-02-29,137.9598846435547,201.8800048828125
2024-03-01,136.64463806152344,202.63999938964844
2024-03-04,132.86834716796875,188.13999938964844
2024-03-05,132.1907958984375,180.74000549316406
2024-03-06,130.9253692626953,176.5399932861328
2024-03-07,133.89462280273438,178.64999389648438
2024-03-08,134.9208984375,175.33999633789062
2024-03-11,137.17274475097656,177.77000427246094
2024-03-12,137.99972534179688,177.5399932861328
2024-03-13,139.28506469726562,169.47999572753906
2024-03-14,142.5831298828125,162.5
2024-03-15,140.6700439453125,163.57000732421875
2024-03-18,147.14657592773438,173.8000030517578
2024-03-19,146.49891662597656,171.32000732421875
2024-03-20,148.2027587890625,175.66000366210938
2024-03-21,147.06687927246094,172.82000732421875
2024-03-22,150.22543334960938,170.8300018310547
2024-03-25,149.5279541015625,172.6300048828125
2024-03-26,150.1257781982422,177.6699981689453
2024-03-27,150.32504272460938,179.8300018310547
2024-03-28,150.3848419189453,175.7899932861328
2024-04-01,154.9283905029297,175.22000122070312
2024-04-02,154.00172424316406,166.6300048828125
2024-04-03,154.3604278564453,168.3800048828125
2024-04-04,149.98629760742188,171.11000061035156
2024-04-05,151.9491729736328,164.89999389648438
2024-04-08,154.2906951904297,172.97999572753906
2024-04-09,156.03436279296875,176.8800048828125
2024-04-10,155.57601928710938,171.75999450683594
2024-04-11,158.83421325683594,174.60000610351562
2024-04-12,157.1602783203125,171.0500030517578
2024-04-15,154.30064392089844,161.47999572753906
2024-04-16,153.84230041503906,157.11000061035156
2024-04-17,154.908447265625,155.4499969482422
2024-04-18,155.4464874267578,149.92999267578125
2024-04-19,153.53343200683594,147.0500030517578
2024-04-22,155.71551513671875,142.0500030517578
2024-04-23,157.6883544921875,144.67999267578125
2024-04-24,158.55523681640625,162.1300048828125
2024-04-25,155.4365234375,170.17999267578125
2024-04-26,171.32891845703125,168.2899932861328
2024-04-29,165.54986572265625,194.0500030517578
2024-04-30,162.19204711914062,183.27999877929688
2024-05-01,163.2681427001953,179.99000549316406
2024-05-02,166.01817321777344,180.00999450683594
2024-05-03,166.63592529296875,181.19000244140625
2024-05-06,167.4928436279297,184.75999450683594
2024-05-07,170.63143920898438,177.80999755859375
2024-05-08,168.76821899414062,174.72000122070312
2024-05-09,169.3461151123047,171.97000122070312
2024-05-10,168.04083251953125,168.47000122070312
2024-05-13,168.52906799316406,171.88999938964844
2024-05-14,169.7247314453125,177.5500030517578
2024-05-15,171.88690185546875,173.99000549316406
2024-05-16,173.55084228515625,174.83999633789062
2024-05-17,175.42405700683594,177.4600067138672
2024-05-20,176.28097534179688,174.9499969482422
2024-05-21,177.20761108398438,186.60000610351562
2024-05-22,175.74290466308594,180.11000061035156
2024-05-23,172.92315673828125,173.74000549316406
2024-05-24,174.3579559326172,179.24000549316406
2024-05-28,175.76284790039062,176.75
2024-05-29,175.26463317871094,176.19000244140625
2024-05-30,171.48834228515625,178.7899932861328
2024-05-31,171.87692260742188,178.0800018310547
2024-06-03,172.5445098876953,176.2899932861328
2024-06-04,173.1622772216797,174.77000427246094
2024-06-05,174.7764129638672,175.0
2024-06-06,176.09164428710938,177.94000244140625
2024-06-07,173.82984924316406,177.47999572753906
2024-06-10,174.57798767089844,173.7899932861328
2024-06-11,176.18402099609375,170.66000366210938
2024-06-12,177.35113525390625,177.2899932861328
2024-06-13,174.72763061523438,182.47000122070312
2024-06-14,176.35360717773438,178.00999450683594
2024-06-17,176.80250549316406,187.44000244140625
2024-06-18,174.6577911376953,184.86000061035156
2024-06-20,175.86480712890625,181.57000732421875
2024-06-21,179.1865997314453,183.00999450683594
2024-06-24,178.77760314941406,182.5800018310547
2024-06-25,183.5757293701172,187.35000610351562
2024-06-26,183.42611694335938,196.3699951171875
2024-06-27,184.95233154296875,197.4199981689453
2024-06-28,181.7003631591797,197.8800048828125
2024-07-01,182.53829956054688,209.86000061035156
2024-07-02,184.7827606201172,231.25999450683594
2024-07-03,185.36131286621094,246.38999938964844
2024-07-05,190.12953186035156,251.52000427246094
2024-07-08,188.56338500976562,252.94000244140625
2024-07-09,188.5135040283203,262.3299865722656
2024-07-10,190.70806884765625,263.260009765625
2024-07-11,185.1119384765625,241.02999877929688
2024-07-12,184.61317443847656,248.22999572753906
2024-07-15,186.06956481933594,252.63999938964844
2024-07-16,183.46600341796875,256.55999755859375
2024-07-17,180.5731658935547,248.5
2024-07-18,177.2513885498047,249.22999572753906
2024-07-19,177.22145080566406,239.1999969482422
2024-07-22,181.22154235839844,251.50999450683594
2024-07-23,181.34124755859375,246.3800048828125
2024-07-24,172.20388793945312,215.99000549316406
2024-07-25,166.86708068847656,220.25
2024-07-26,166.5877685546875,219.8000030517578
2024-07-29,169.1115264892578,232.10000610351562
2024-07-30,169.86964416503906,222.6199951171875
2024-07-31,171.11654663085938,232.07000732421875
2024-08-01,170.33848571777344,216.86000061035156
2024-08-02,166.24862670898438,207.6699981689453
2024-08-05,158.85690307617188,198.8800048828125
2024-08-06,157.89927673339844,200.63999938964844
2024-08-07,158.54766845703125,191.75999450683594
2024-08-08,161.63003540039062,198.83999633789062
2024-08-09,163.2659912109375,200.0
2024-08-12,161.88938903808594,197.49000549316406
2024-08-13,163.75477600097656,207.8300018310547
2024-08-14,159.97412109375,201.3800048828125
2024-08-15,160.90185546875,214.13999938964844
2024-08-16,162.55775451660156,216.1199951171875
2024-08-19,166.2585906982422,222.72000122070312
2024-08-20,166.76731872558594,221.10000610351562
2024-08-21,165.44061279296875,223.27000427246094
2024-08-22,163.3956756591797,210.66000366210938
2024-08-23,165.211181640625,220.32000732421875
2024-08-26,165.74984741210938,213.2100067138672
2024-08-27,164.2734832763672,209.2100067138672
2024-08-28,162.44801330566406,205.75
2024-08-29,161.3806610107422,206.27999877929688
2024-08-30,162.97671508789062,214.11000061035156
2024-09-03,156.9715576171875,210.60000610351562
2024-09-04,156.06381225585938,219.41000366210938
2024-09-05,156.85186767578125,230.1699981689453
2024-09-06,150.54745483398438,210.72999572753906
2024-09-09,148.53976440429688,216.27000427246094
2024-09-10,148.4898223876953,226.1699981689453
2024-09-11,150.98695373535156,228.1300048828125
2024-09-12,154.51292419433594,229.80999755859375
2024-09-13,157.27975463867188,230.2899932861328
2024-09-16,157.87905883789062,226.77999877929688
2024-09-17,159.1376190185547,227.8699951171875
2024-09-18,159.62705993652344,227.1999969482422
2024-09-19,161.9543914794922,243.9199981689453
2024-09-20,163.40272521972656,238.25
2024-09-23,161.6647186279297,250.0
2024-09-24,162.1042022705078,254.27000427246094
2024-09-25,161.3051300048828,257.0199890136719
2024-09-26,162.543701171875,254.22000122070312
2024-09-27,163.76231384277344,260.4599914550781
2024-09-30,165.66014099121094,261.6300048828125
2024-10-01,166.79884338378906,258.0199890136719
2024-10-02,165.67013549804688,249.02000427246094
2024-10-03,165.67013549804688,240.66000366210938
2024-10-04,166.86875915527344,250.0800018310547
2024-10-07,162.79342651367188,240.8300018310547
2024-10-08,164.19183349609375,244.5
2024-10-09,161.67471313476562,241.0500030517578
2024-10-10,161.8944549560547,238.77000427246094
2024-10-11,163.05313110351562,217.8000030517578
2024-10-14,164.7711639404297,219.16000366210938
2024-10-15,165.27059936523438,219.57000732421875
2024-10-16,164.97093200683594,221.3300018310547
2024-10-17,162.74346923828125,220.88999938964844
2024-10-18,163.23292541503906,220.6999969482422
2024-10-21,163.88218688964844,218.85000610351562
2024-10-22,164.95095825195312,217.97000122070312
2024-10-23,162.59365844726562,213.64999389648438
2024-10-24,162.53372192382812,260.4800109863281
2024-10-25,165.080810546875,269.19000244140625
2024-10-28,166.52914428710938,262.510009765625
2024-10-29,169.48574829101562,259.5199890136719
2024-10-30,174.26028442382812,257.54998779296875
2024-10-31,170.91412353515625,249.85000610351562
2024-11-01,171.09390258789062,248.97999572753906
2024-11-04,169.0462646484375,242.83999633789062
2024-11-05,169.5457000732422,251.44000244140625
2024-11-06,176.3079376220703,288.5299987792969
2024-11-07,180.5430908203125,296.9100036621094
2024-11-08,178.14584350585938,321.2200012207031
2024-11-11,180.1435546875,350.0
2024-11-12,181.41207885742188,328.489990234375
2024-11-13,178.67523193359375,330.239990234375
2024-11-14,175.37899780273438,311.17999267578125
2024-11-15,172.29254150390625,320.7200012207031
2024-11-18,175.0993194580078,338.739990234375
2024-11-19,177.9160919189453,346.0
2024-11-20,175.77853393554688,342.0299987792969
2024-11-21,167.4381103515625,339.6400146484375
2024-11-22,164.57138061523438,352.55999755859375
2024-11-25,167.45806884765625,338.5899963378906
2024-11-26,168.9263916015625,338.2300109863281
2024-11-27,169.03627014160156,332.8900146484375
2024-11-29,168.756591796875,345.1600036621094
2024-12-02,171.29368591308594,357.0899963378906
2024-12-03,171.1438446044922,351.4200134277344
2024-12-04,174.17037963867188,357.92999267578125
2024-12-05,172.44236755371094,369.489990234375
2024-12-06,174.510009765625,389.2200012207031
2024-12-09,175.3699951171875,389.7900085449219
2024-12-10,185.1699981689453,400.989990234375
2024-12-11,195.39999389648438,424.7699890136719
2024-12-12,191.9600067138672,418.1000061035156
2024-12-13,189.82000732421875,436.2300109863281
2024-12-16,196.66000366210938,463.0199890136719
2024-12-17,195.4199981689453,479.8599853515625
2024-12-18,188.39999389648438,440.1300048828125
2024-12-19,188.50999450683594,436.1700134277344
2024-12-20,191.41000366210938,421.05999755859375
2024-12-23,194.6300048828125,430.6000061035156
2024-12-24,196.11000061035156,462.2799987792969
2024-12-26,195.60000610351562,454.1300048828125
2024-12-27,192.75999450683594,431.6600036621094
2024-12-30,191.24000549316406,417.4100036621094
2024-12-31,189.3000030517578,403.8399963378906
2025-01-02,189.42999267578125,379.2799987792969
2025-01-03,191.7899932861328,410.44000244140625
2025-01-06,196.8699951171875,411.04998779296875
2025-01-07,195.49000549316406,394.3599853515625
2025-01-08,193.9499969482422,394.94000244140625
2025-01-10,192.0399932861328,394.739990234375
